Feature,Missing,Positive_Inf,Negative_Inf,Unique_Finite_Values,Dominant_Fraction,Constant,Near_Constant,Min,Max,Mean,Std
Source Port__mean,0,0,0,2454,0.00040749796251018743,False,False,80.0,58669.0,38063.47927121156,6580.126186350938
Destination Port__mean,0,0,0,2453,0.0008149959250203749,False,False,138.0,49188.0,9785.859473243374,5078.488764820981
Protocol__mean,0,0,0,2411,0.0016299918500407497,False,False,6.0,17.0,10.55525614176717,1.5187552916177922
Flow Duration__mean,0,0,0,2454,0.00040749796251018743,False,False,1.75,112740625.0,11077746.834652169,6794839.163298678
Total Fwd Packets__mean,0,0,0,2446,0.0012224938875305623,False,False,1.055770843247898,1256.933734939759,12.246585781014355,47.45566217421983
Total Backward Packets__mean,0,0,0,2445,0.0012224938875305623,False,False,0.0,1716.289156626506,13.979864033930006,63.64995294106839
Total Length of Fwd Packets__mean,0,0,0,2454,0.00040749796251018743,False,False,6.812654383937272,13616.259624876604,590.5345164761802,617.4331084908159
Total Length of Bwd Packets__mean,0,0,0,2453,0.0008149959250203749,False,False,0.0,3681249.4096385543,22783.328838503112,140385.89084903002
Fwd Packet Length Max__mean,0,0,0,2453,0.0008149959250203749,False,False,1.0,3072.0,176.32873318527612,97.33353322447086
Fwd Packet Length Min__mean,0,0,0,2448,0.0012224938875305623,False,False,0.0,340.1291108404385,21.103153292248727,11.20230392850095
Fwd Packet Length Mean__mean,0,0,0,2454,0.00040749796251018743,False,False,0.8,434.1036877540934,51.70743404833573,25.28953872951209
Fwd Packet Length Std__mean,0,0,0,2452,0.0012224938875305623,False,False,0.0,793.9756835,52.61445219071845,33.25800547031835
Bwd Packet Length Max__mean,0,0,0,2453,0.0008149959250203749,False,False,0.0,4803.616193537841,429.2743854791815,439.19101573111317
Bwd Packet Length Min__mean,0,0,0,2448,0.0016299918500407497,False,False,0.0,194.0,46.86825120456323,17.06299261024684
Bwd Packet Length Mean__mean,0,0,0,2453,0.0008149959250203749,False,False,0.0,1581.5257024946052,168.75357101641478,139.27677756058887
Bwd Packet Length Std__mean,0,0,0,2451,0.0016299918500407497,False,False,0.0,1975.7225234009215,138.45545924910158,192.47846311294174
Flow Bytes/s__mean,0,0,0,2454,0.00040749796251018743,False,False,0.111073033,90500000.0,2623202.4192363415,4536195.494013831
Flow Packets/s__mean,0,0,0,2454,0.00040749796251018743,False,False,0.222146066,1625000.0,71839.87509443816,53482.6107710243
Flow IAT Mean__mean,0,0,0,2454,0.00040749796251018743,False,False,1.75,21758501.505271424,993565.5703391372,1063693.784602571
Flow IAT Std__mean,0,0,0,2454,0.00040749796251018743,False,False,0.0,19426881.443626516,1643259.3504608548,1734478.4368570186
Flow IAT Max__mean,0,0,0,2454,0.00040749796251018743,False,False,1.75,64774843.87664188,4735026.74262878,5268402.4147682255
Flow IAT Min__mean,0,0,0,2453,0.0008149959250203749,False,False,1.0,20784381.908678755,206352.25459585842,791087.1386111864
Fwd IAT Total__mean,0,0,0,2454,0.00040749796251018743,False,False,1.75,113000000.0,10813273.777229633,6762667.101333423
Fwd IAT Mean__mean,0,0,0,2454,0.00040749796251018743,False,False,1.75,31729981.755470518,1987468.3321542141,1981643.907157963
Fwd IAT Std__mean,0,0,0,2454,0.00040749796251018743,False,False,0.0,27110399.268473998,1299159.6556446957,2074374.2165473078
Fwd IAT Max__mean,0,0,0,2454,0.00040749796251018743,False,False,1.75,64765224.22225311,4607759.342933636,5251571.53150651
Fwd IAT Min__mean,0,0,0,2453,0.0008149959250203749,False,False,1.0,30393916.454545453,1225292.5822916175,1762915.0607959717
Bwd IAT Total__mean,0,0,0,2453,0.0008149959250203749,False,False,0.0,113000000.0,9388736.764419297,5324297.520674503
Bwd IAT Mean__mean,0,0,0,2453,0.0008149959250203749,False,False,0.0,31573807.69982912,1804733.1128475096,1836342.416727049
Bwd IAT Std__mean,0,0,0,2452,0.0012224938875305623,False,False,0.0,15300596.50818289,864106.9144943011,896974.617222423
Bwd IAT Max__mean,0,0,0,2453,0.0008149959250203749,False,False,0.0,35153063.515151516,3475238.3750635497,2683062.8430902767
Bwd IAT Min__mean,0,0,0,2453,0.0008149959250203749,False,False,0.0,30393941.575757574,1210494.2731479206,1671394.611229849
Fwd PSH Flags__mean,0,0,0,2264,0.008149959250203748,False,False,0.0,1.0,0.06515392193834849,0.050064728529457404
Bwd PSH Flags__mean,0,0,0,1,1.0,True,False,0.0,0.0,0.0,0.0
Fwd URG Flags__mean,0,0,0,33,0.986960065199674,False,False,0.0,0.00847846012832264,3.986241804188336e-05,0.0004056621474482472
Bwd URG Flags__mean,0,0,0,1,1.0,True,False,0.0,0.0,0.0,0.0
Fwd Header Length__mean,0,0,0,2452,0.0008149959250203749,False,False,-82748075.57336621,26401.13253012048,-43809.76453751555,1710138.8336030552
Bwd Header Length__mean,0,0,0,2453,0.0008149959250203749,False,False,-6619771.186189889,34332.72289156626,-4924.558222109096,161276.2456900777
Fwd Packets/s__mean,0,0,0,2454,0.00040749796251018743,False,False,0.111073033,1625000.0,64603.71350652645,52132.112016271865
Bwd Packets/s__mean,0,0,0,2453,0.0008149959250203749,False,False,0.0,96830.43876946918,7233.103100506775,5585.306150146823
Min Packet Length__mean,0,0,0,2446,0.0012224938875305623,False,False,0.0,201.0,19.83329767143678,7.611073743799532
Max Packet Length__mean,0,0,0,2453,0.0008149959250203749,False,False,1.0,4876.4212935214955,480.5606675031094,478.6305271395724
Packet Length Mean__mean,0,0,0,2454,0.00040749796251018743,False,False,0.523809524,833.9843973641049,107.80846693053519,71.46393099741996
Packet Length Std__mean,0,0,0,2453,0.0008149959250203749,False,False,0.0,1563.2765136819517,143.14447979252287,152.85637923377678
Packet Length Variance__mean,0,0,0,2453,0.0008149959250203749,False,False,0.0,4065777.551082644,121565.43155235481,372740.08765984484
FIN Flag Count__mean,0,0,0,1990,0.0745721271393643,False,False,0.0,0.26935213158778115,0.01966031280659045,0.02565029179480834
SYN Flag Count__mean,0,0,0,2264,0.008149959250203748,False,False,0.0,1.0,0.06515392193834849,0.050064728529457404
RST Flag Count__mean,0,0,0,324,0.863080684596577,False,False,0.0,0.14736842105263157,0.0005932779310463401,0.004220470457490113
PSH Flag Count__mean,0,0,0,2306,0.0032599837000814994,False,False,0.0,1.0,0.23402952569489982,0.09969118864641338
ACK Flag Count__mean,0,0,0,2369,0.0032599837000814994,False,False,0.0,1.0,0.3323370588194264,0.14136864890534348
URG Flag Count__mean,0,0,0,2333,0.0032599837000814994,False,False,0.0,1.0,0.1340702558990054,0.0815010770261104
CWE Flag Count__mean,0,0,0,33,0.986960065199674,False,False,0.0,0.00847846012832264,3.986241804188336e-05,0.0004056621474482472
ECE Flag Count__mean,0,0,0,326,0.8622656886715566,False,False,0.0,0.14736842105263157,0.0005973668375983542,0.0042258181252442855
Down/Up Ratio__mean,0,0,0,2354,0.004889975550122249,False,False,0.0,1.6904761904761905,0.6715710023211245,0.12270155269821983
Average Packet Size__mean,0,0,0,2454,0.00040749796251018743,False,False,0.55,913.9458365446194,122.36644868619109,77.86050176007535
Avg Fwd Segment Size__mean,0,0,0,2454,0.00040749796251018743,False,False,0.8,434.1036877540934,51.70743404833573,25.28953872951209
Avg Bwd Segment Size__mean,0,0,0,2453,0.0008149959250203749,False,False,0.0,1581.5257024946052,168.75357101642564,139.2767775605897
Fwd Header Length.1__mean,0,0,0,2452,0.0008149959250203749,False,False,-82748075.57336621,26401.13253012048,-43809.76453751555,1710138.8336030552
Fwd Avg Bytes/Bulk__mean,0,0,0,1,1.0,True,False,0.0,0.0,0.0,0.0
Fwd Avg Packets/Bulk__mean,0,0,0,1,1.0,True,False,0.0,0.0,0.0,0.0
Fwd Avg Bulk Rate__mean,0,0,0,1,1.0,True,False,0.0,0.0,0.0,0.0
Bwd Avg Bytes/Bulk__mean,0,0,0,1,1.0,True,False,0.0,0.0,0.0,0.0
Bwd Avg Packets/Bulk__mean,0,0,0,1,1.0,True,False,0.0,0.0,0.0,0.0
Bwd Avg Bulk Rate__mean,0,0,0,1,1.0,True,False,0.0,0.0,0.0,0.0
Subflow Fwd Packets__mean,0,0,0,2446,0.0012224938875305623,False,False,1.055770843247898,1256.933734939759,12.246585781014355,47.45566217421983
Subflow Fwd Bytes__mean,0,0,0,2454,0.00040749796251018743,False,False,6.812654383937272,13586.978282329714,590.5225843887528,617.18161389027
Subflow Bwd Packets__mean,0,0,0,2445,0.0012224938875305623,False,False,0.0,1716.289156626506,13.979864033930006,63.64995294106839
Subflow Bwd Bytes__mean,0,0,0,2453,0.0008149959250203749,False,False,0.0,3683181.9096385543,22783.028304502957,140397.70701800328
Init_Win_bytes_forward__mean,0,0,0,2454,0.00040749796251018743,False,False,-1.0,32344.66355140187,7039.414096876842,3964.351574870349
Init_Win_bytes_backward__mean,0,0,0,2453,0.0008149959250203749,False,False,-1.0,13496.862903225807,2467.1113994091993,1776.2305270591492
act_data_pkt_fwd__mean,0,0,0,2442,0.0012224938875305623,False,False,0.043284157092029825,1198.4036144578313,7.8845797570317675,43.607784203459595
min_seg_size_forward__mean,0,0,0,2418,0.0024449877750611247,False,False,-7281822.47595561,39.36213214880622,-5654.8409452779115,175167.51449107134
Active Mean__mean,0,0,0,2447,0.0032599837000814994,False,False,0.0,3606081.651580061,79683.93098731179,128278.39189118639
Active Std__mean,0,0,0,2431,0.009779951100244499,False,False,0.0,2129877.367033333,46668.88405538101,65091.493843238066
Active Max__mean,0,0,0,2447,0.0032599837000814994,False,False,0.0,3908892.5,160117.14835799907,174083.52344066853
Active Min__mean,0,0,0,2447,0.0032599837000814994,False,False,0.0,3384148.2807017546,52087.65567505972,114375.85149157392
Idle Mean__mean,0,0,0,2448,0.0028524857375713123,False,False,0.0,64290205.19815011,3886125.3644659435,5077107.241276023
Idle Std__mean,0,0,0,2433,0.008964955175224124,False,False,0.0,6197237.489632166,227837.68709224,521696.2993312408
Idle Max__mean,0,0,0,2448,0.0028524857375713123,False,False,0.0,64762105.379595526,4075851.624964943,5246286.565390921
Idle Min__mean,0,0,0,2448,0.0028524857375713123,False,False,0.0,63817546.677322954,3678436.605791853,4963396.623204243
Flow_Count,0,0,0,1475,0.0024449877750611247,False,False,1.0,46216.0,1153.5220048899755,2114.0852390206605
Unique_Source_IPs,0,0,0,206,0.013854930725346373,False,False,1.0,275.0,79.57823960880195,39.98782658074372
Unique_Destination_IPs,0,0,0,313,0.011002444987775062,False,False,1.0,438.0,119.0281173594132,66.24748325985641
Unique_Source_Ports,0,0,0,1280,0.0028524857375713123,False,False,1.0,14494.0,769.4295028524857,1049.4407734415947
Unique_Destination_Ports,0,0,0,492,0.009779951100244499,False,False,1.0,2001.0,188.7318663406683,218.63958088061187
Unique_Protocols,0,0,0,3,0.5550122249388753,False,False,1.0,3.0,2.5529747351263246,0.5012670516435304
Total_Flow_Count,0,0,0,1475,0.0024449877750611247,False,False,1.0,46216.0,1153.5220048899755,2114.0852390206605
Benign_Flow_Count,0,0,0,1439,0.0024449877750611247,False,False,1.0,5373.0,926.2823960880196,720.7866981723715
