Partition,Horizon_Minutes,Baseline,Accuracy,Balanced_Accuracy,Precision,Recall,F1,MCC,ROC_AUC,PR_AUC,TN,FP,FN,TP
TRAIN,1,Always_Benign,0.8254098360655737,0.5,0.0,0.0,0.0,0.0,0.5,0.17459016393442622,1007,0,213,0
TRAIN,1,Train_Prevalence,0.8254098360655737,0.5,0.0,0.0,0.0,0.0,0.5,0.17459016393442622,1007,0,213,0
TRAIN,5,Always_Benign,0.8254098360655737,0.5,0.0,0.0,0.0,0.0,0.5,0.17459016393442622,1007,0,213,0
TRAIN,5,Train_Prevalence,0.8254098360655737,0.5,0.0,0.0,0.0,0.0,0.5,0.17459016393442622,1007,0,213,0
TRAIN,10,Always_Benign,0.8262295081967214,0.5,0.0,0.0,0.0,0.0,0.5,0.1737704918032787,1008,0,212,0
TRAIN,10,Train_Prevalence,0.8262295081967214,0.5,0.0,0.0,0.0,0.0,0.5,0.1737704918032787,1008,0,212,0
TRAIN,15,Always_Benign,0.8295081967213115,0.5,0.0,0.0,0.0,0.0,0.5,0.17049180327868851,1012,0,208,0
TRAIN,15,Train_Prevalence,0.8295081967213115,0.5,0.0,0.0,0.0,0.0,0.5,0.17049180327868851,1012,0,208,0
TRAIN,30,Always_Benign,0.8418032786885246,0.5,0.0,0.0,0.0,0.0,0.5,0.1581967213114754,1027,0,193,0
TRAIN,30,Train_Prevalence,0.8418032786885246,0.5,0.0,0.0,0.0,0.0,0.5,0.1581967213114754,1027,0,193,0
VALIDATION,1,Always_Benign,0.7587939698492462,0.5,0.0,0.0,0.0,0.0,0.5,0.24120603015075376,302,0,96,0
VALIDATION,1,Train_Prevalence,0.7587939698492462,0.5,0.0,0.0,0.0,0.0,0.5,0.24120603015075376,302,0,96,0
VALIDATION,5,Always_Benign,0.7638190954773869,0.5,0.0,0.0,0.0,0.0,0.5,0.23618090452261306,304,0,94,0
VALIDATION,5,Train_Prevalence,0.7638190954773869,0.5,0.0,0.0,0.0,0.0,0.5,0.23618090452261306,304,0,94,0
VALIDATION,10,Always_Benign,0.7738693467336684,0.5,0.0,0.0,0.0,0.0,0.5,0.22613065326633167,308,0,90,0
VALIDATION,10,Train_Prevalence,0.7738693467336684,0.5,0.0,0.0,0.0,0.0,0.5,0.22613065326633167,308,0,90,0
VALIDATION,15,Always_Benign,0.7864321608040201,0.5,0.0,0.0,0.0,0.0,0.5,0.2135678391959799,313,0,85,0
VALIDATION,15,Train_Prevalence,0.7864321608040201,0.5,0.0,0.0,0.0,0.0,0.5,0.2135678391959799,313,0,85,0
VALIDATION,30,Always_Benign,0.8241206030150754,0.5,0.0,0.0,0.0,0.0,0.5,0.17587939698492464,328,0,70,0
VALIDATION,30,Train_Prevalence,0.8241206030150754,0.5,0.0,0.0,0.0,0.0,0.5,0.17587939698492464,328,0,70,0
TEST,1,Always_Benign,0.5353535353535354,0.5,0.0,0.0,0.0,0.0,0.5,0.46464646464646464,212,0,184,0
TEST,1,Train_Prevalence,0.5353535353535354,0.5,0.0,0.0,0.0,0.0,0.5,0.46464646464646464,212,0,184,0
TEST,5,Always_Benign,0.5277777777777778,0.5,0.0,0.0,0.0,0.0,0.5,0.4722222222222222,209,0,187,0
TEST,5,Train_Prevalence,0.5277777777777778,0.5,0.0,0.0,0.0,0.0,0.5,0.4722222222222222,209,0,187,0
TEST,10,Always_Benign,0.5176767676767676,0.5,0.0,0.0,0.0,0.0,0.5,0.4823232323232323,205,0,191,0
TEST,10,Train_Prevalence,0.5176767676767676,0.5,0.0,0.0,0.0,0.0,0.5,0.4823232323232323,205,0,191,0
TEST,15,Always_Benign,0.5050505050505051,0.5,0.0,0.0,0.0,0.0,0.5,0.494949494949495,200,0,196,0
TEST,15,Train_Prevalence,0.5050505050505051,0.5,0.0,0.0,0.0,0.0,0.5,0.494949494949495,200,0,196,0
TEST,30,Always_Benign,0.4772727272727273,0.5,0.0,0.0,0.0,0.0,0.5,0.5227272727272727,189,0,207,0
TEST,30,Train_Prevalence,0.4772727272727273,0.5,0.0,0.0,0.0,0.0,0.5,0.5227272727272727,189,0,207,0
