Partition,Horizon_Minutes,Samples,Positive_Attack_Targets,Negative_Targets,Positive_Rate
TRAIN,1,1220,213,1007,0.17459016393442622
TRAIN,5,1220,213,1007,0.17459016393442622
TRAIN,10,1220,212,1008,0.1737704918032787
TRAIN,15,1220,208,1012,0.17049180327868851
TRAIN,30,1220,193,1027,0.1581967213114754
VALIDATION,1,398,96,302,0.24120603015075376
VALIDATION,5,398,94,304,0.23618090452261306
VALIDATION,10,398,90,308,0.22613065326633167
VALIDATION,15,398,85,313,0.2135678391959799
VALIDATION,30,398,70,328,0.17587939698492464
TEST,1,396,184,212,0.46464646464646464
TEST,5,396,187,209,0.4722222222222222
TEST,10,396,191,205,0.4823232323232323
TEST,15,396,196,200,0.494949494949495
TEST,30,396,207,189,0.5227272727272727
