Partition,Horizon_Minutes,Samples,Negative,Positive,Positive_Rate,TRAIN_Pos_Weight
TRAIN,1,1220,1007,213,0.17459016393442622,4.727699530516432
TRAIN,5,1220,1007,213,0.17459016393442622,4.727699530516432
TRAIN,10,1220,1008,212,0.1737704918032787,4.754716981132075
TRAIN,15,1220,1012,208,0.17049180327868851,4.865384615384615
TRAIN,30,1220,1027,193,0.1581967213114754,5.321243523316062
VALIDATION,1,398,302,96,0.24120603015075376,
VALIDATION,5,398,304,94,0.23618090452261306,
VALIDATION,10,398,308,90,0.22613065326633167,
VALIDATION,15,398,313,85,0.2135678391959799,
VALIDATION,30,398,328,70,0.17587939698492464,
TEST,1,396,212,184,0.46464646464646464,
TEST,5,396,209,187,0.4722222222222222,
TEST,10,396,205,191,0.4823232323232323,
TEST,15,396,200,196,0.494949494949495,
TEST,30,396,189,207,0.5227272727272727,
